{"observations": {"max": [55.714962005615234, 5.332017421722412], "min": [-55.146400451660156, -5.31827974319458], "mean": [1.3867756128311157, 0.08025020360946655], "std": [15.86160659790039, 2.4515955448150635]}, "next_observations": {"max": [56.088592529296875, 5.332017421722412], "min": [-55.146400451660156, -5.31827974319458], "mean": [1.3948578834533691, 0.08032358437776566], "std": [15.958112716674805, 2.457029104232788]}, "actions": {"max": [0.9999011754989624], "min": [-0.9996587038040161], "mean": [0.01605820469558239], "std": [0.4941043555736542]}, "rewards": {"max": [-1.4826655103661324e-07], "min": [-10.297836303710938], "mean": [-0.33121979236602783], "std": [0.30422890186309814]}}