{"observations": {"max": [57.27130126953125, 0.6348817944526672, 1.5707963705062866, 4.998419284820557, 2.117063045501709, 11.626742362976074], "min": [-60.595706939697266, -0.009999665431678295, -1.5707963705062866, -4.99993896484375, -2.9401979446411133, -11.590941429138184], "mean": [1.1567860841751099, 0.16130484640598297, 0.25587090849876404, 0.05394265055656433, 0.0563570000231266, 0.4092690348625183], "std": [13.171805381774902, 0.12045741081237793, 1.1591771841049194, 2.7195048332214355, 0.791320264339447, 3.363888740539551]}, "next_observations": {"max": [57.49290084838867, 0.6348817944526672, 1.5707963705062866, 4.998419284820557, 2.117063045501709, 11.626742362976074], "min": [-60.958229064941406, 0.0, -1.5707963705062866, -4.99993896484375, -2.9401979446411133, -11.590941429138184], "mean": [1.1621570587158203, 0.1621190309524536, 0.2572057843208313, 0.05382814258337021, 0.05661340057849884, 0.4114205539226532], "std": [13.25253677368164, 0.12006676197052002, 1.1621806621551514, 2.7257885932922363, 0.7932747602462769, 3.3722918033599854]}, "actions": {"max": [0.9996837973594666, 0.9998892545700073, 0.9999881386756897], "min": [-0.9999878406524658, -0.9997506141662598, -0.9999873638153076], "mean": [0.010765298269689083, 0.03300083428621292, -0.001492140581831336], "std": [0.5448637008666992, 0.563834011554718, 0.5957364439964294]}, "rewards": {"max": [0.0], "min": [-10.945152282714844], "mean": [-0.27976545691490173], "std": [0.3124377429485321]}}